country_name,country_code,indicator_name,indicator_code,year,population
Aruba,ABW,"Population, total",SP.POP.TOTL,2017,105439
Africa Eastern and Southern,AFE,"Population, total",SP.POP.TOTL,2017,632746570
Afghanistan,AFG,"Population, total",SP.POP.TOTL,2017,35643418
Africa Western and Central,AFW,"Population, total",SP.POP.TOTL,2017,431138704
Angola,AGO,"Population, total",SP.POP.TOTL,2017,30208628
Albania,ALB,"Population, total",SP.POP.TOTL,2017,2873457
Andorra,AND,"Population, total",SP.POP.TOTL,2017,73837
Arab World,ARB,"Population, total",SP.POP.TOTL,2017,423664839
United Arab Emirates,ARE,"Population, total",SP.POP.TOTL,2017,9068296
Argentina,ARG,"Population, total",SP.POP.TOTL,2017,44044811
Armenia,ARM,"Population, total",SP.POP.TOTL,2017,2851923
American Samoa,ASM,"Population, total",SP.POP.TOTL,2017,49463
Antigua and Barbuda,ATG,"Population, total",SP.POP.TOTL,2017,91119
Australia,AUS,"Population, total",SP.POP.TOTL,2017,24592588
Austria,AUT,"Population, total",SP.POP.TOTL,2017,8797566
Azerbaijan,AZE,"Population, total",SP.POP.TOTL,2017,9854033
Burundi,BDI,"Population, total",SP.POP.TOTL,2017,11155593
Belgium,BEL,"Population, total",SP.POP.TOTL,2017,11375158
Benin,BEN,"Population, total",SP.POP.TOTL,2017,11596779
Burkina Faso,BFA,"Population, total",SP.POP.TOTL,2017,19835858
Bangladesh,BGD,"Population, total",SP.POP.TOTL,2017,161793964
Bulgaria,BGR,"Population, total",SP.POP.TOTL,2017,7075947
Bahrain,BHR,"Population, total",SP.POP.TOTL,2017,1456834
"Bahamas, The",BHS,"Population, total",SP.POP.TOTL,2017,399020
Bosnia and Herzegovina,BIH,"Population, total",SP.POP.TOTL,2017,3440027
Belarus,BLR,"Population, total",SP.POP.TOTL,2017,9458989
Belize,BLZ,"Population, total",SP.POP.TOTL,2017,374693
Bermuda,BMU,"Population, total",SP.POP.TOTL,2017,63873
Bolivia,BOL,"Population, total",SP.POP.TOTL,2017,11435533
Brazil,BRA,"Population, total",SP.POP.TOTL,2017,208504960
Barbados,BRB,"Population, total",SP.POP.TOTL,2017,279187
Brunei Darussalam,BRN,"Population, total",SP.POP.TOTL,2017,430276
Bhutan,BTN,"Population, total",SP.POP.TOTL,2017,756121
Botswana,BWA,"Population, total",SP.POP.TOTL,2017,2401840
Central African Republic,CAF,"Population, total",SP.POP.TOTL,2017,4996741
Canada,CAN,"Population, total",SP.POP.TOTL,2017,36545075
Central Europe and the Baltics,CEB,"Population, total",SP.POP.TOTL,2017,102740078
Switzerland,CHE,"Population, total",SP.POP.TOTL,2017,8451840
Channel Islands,CHI,"Population, total",SP.POP.TOTL,2017,165215
Chile,CHL,"Population, total",SP.POP.TOTL,2017,18368577
China,CHN,"Population, total",SP.POP.TOTL,2017,1396215000
Cote d'Ivoire,CIV,"Population, total",SP.POP.TOTL,2017,24848016
Cameroon,CMR,"Population, total",SP.POP.TOTL,2017,24393181
"Congo, Dem. Rep.",COD,"Population, total",SP.POP.TOTL,2017,84283273
"Congo, Rep.",COG,"Population, total",SP.POP.TOTL,2017,5312340
Colombia,COL,"Population, total",SP.POP.TOTL,2017,48351671
Comoros,COM,"Population, total",SP.POP.TOTL,2017,761664
Cabo Verde,CPV,"Population, total",SP.POP.TOTL,2017,564954
Costa Rica,CRI,"Population, total",SP.POP.TOTL,2017,4993842
Caribbean small states,CSS,"Population, total",SP.POP.TOTL,2017,3016651
Cuba,CUB,"Population, total",SP.POP.TOTL,2017,11336405
Curacao,CUW,"Population, total",SP.POP.TOTL,2017,160175
Cayman Islands,CYM,"Population, total",SP.POP.TOTL,2017,63581
Cyprus,CYP,"Population, total",SP.POP.TOTL,2017,1208523
Czechia,CZE,"Population, total",SP.POP.TOTL,2017,10594438
Germany,DEU,"Population, total",SP.POP.TOTL,2017,82657002
Djibouti,DJI,"Population, total",SP.POP.TOTL,2017,1040233
Dominica,DMA,"Population, total",SP.POP.TOTL,2017,70403
Denmark,DNK,"Population, total",SP.POP.TOTL,2017,5764980
Dominican Republic,DOM,"Population, total",SP.POP.TOTL,2017,10647244
Algeria,DZA,"Population, total",SP.POP.TOTL,2017,41136546
East Asia & Pacific (excluding high income),EAP,"Population, total",SP.POP.TOTL,2017,2080901482
Early-demographic dividend,EAR,"Population, total",SP.POP.TOTL,2017,3250752755
East Asia & Pacific,EAS,"Population, total",SP.POP.TOTL,2017,2327132966
Europe & Central Asia (excluding high income),ECA,"Population, total",SP.POP.TOTL,2017,243006453
Europe & Central Asia,ECS,"Population, total",SP.POP.TOTL,2017,914748588
Ecuador,ECU,"Population, total",SP.POP.TOTL,2017,16696944
"Egypt, Arab Rep.",EGY,"Population, total",SP.POP.TOTL,2017,101789386
Euro area,EMU,"Population, total",SP.POP.TOTL,2017,345370612
Eritrea,ERI,"Population, total",SP.POP.TOTL,2017,3396933
Spain,ESP,"Population, total",SP.POP.TOTL,2017,46593236
Estonia,EST,"Population, total",SP.POP.TOTL,2017,1317384
Ethiopia,ETH,"Population, total",SP.POP.TOTL,2017,108197950
European Union,EUU,"Population, total",SP.POP.TOTL,2017,446215182
Fragile and conflict affected situations,FCS,"Population, total",SP.POP.TOTL,2017,916477490
Finland,FIN,"Population, total",SP.POP.TOTL,2017,5508214
Fiji,FJI,"Population, total",SP.POP.TOTL,2017,919019
France,FRA,"Population, total",SP.POP.TOTL,2017,66918020
Faroe Islands,FRO,"Population, total",SP.POP.TOTL,2017,50230
"Micronesia, Fed. Sts.",FSM,"Population, total",SP.POP.TOTL,2017,110430
Gabon,GAB,"Population, total",SP.POP.TOTL,2017,2140215
United Kingdom,GBR,"Population, total",SP.POP.TOTL,2017,66058859
Georgia,GEO,"Population, total",SP.POP.TOTL,2017,3728004
Ghana,GHA,"Population, total",SP.POP.TOTL,2017,30222262
Gibraltar,GIB,"Population, total",SP.POP.TOTL,2017,32602
Guinea,GIN,"Population, total",SP.POP.TOTL,2017,12240789
"Gambia, The",GMB,"Population, total",SP.POP.TOTL,2017,2381182
Guinea-Bissau,GNB,"Population, total",SP.POP.TOTL,2017,1879826
Equatorial Guinea,GNQ,"Population, total",SP.POP.TOTL,2017,1450694
Greece,GRC,"Population, total",SP.POP.TOTL,2017,10754679
Grenada,GRD,"Population, total",SP.POP.TOTL,2017,120921
Greenland,GRL,"Population, total",SP.POP.TOTL,2017,56172
Guatemala,GTM,"Population, total",SP.POP.TOTL,2017,16087418
Guam,GUM,"Population, total",SP.POP.TOTL,2017,168606
Guyana,GUY,"Population, total",SP.POP.TOTL,2017,763252
High income,HIC,"Population, total",SP.POP.TOTL,2017,1377929189
"Hong Kong SAR, China",HKG,"Population, total",SP.POP.TOTL,2017,7393200
Honduras,HND,"Population, total",SP.POP.TOTL,2017,9626842
Heavily indebted poor countries (HIPC),HPC,"Population, total",SP.POP.TOTL,2017,770390212
Croatia,HRV,"Population, total",SP.POP.TOTL,2017,4124531
Haiti,HTI,"Population, total",SP.POP.TOTL,2017,10863543
Hungary,HUN,"Population, total",SP.POP.TOTL,2017,9787966
IBRD only,IBD,"Population, total",SP.POP.TOTL,2017,4752675645
IDA & IBRD total,IBT,"Population, total",SP.POP.TOTL,2017,6400602851
IDA total,IDA,"Population, total",SP.POP.TOTL,2017,1647927206
IDA blend,IDB,"Population, total",SP.POP.TOTL,2017,549511044
Indonesia,IDN,"Population, total",SP.POP.TOTL,2017,264498852
IDA only,IDX,"Population, total",SP.POP.TOTL,2017,1098416162
Isle of Man,IMN,"Population, total",SP.POP.TOTL,2017,83580
India,IND,"Population, total",SP.POP.TOTL,2017,1354195680
Not classified,INX,"Population, total",SP.POP.TOTL,2017,NA
Ireland,IRL,"Population, total",SP.POP.TOTL,2017,4807388
"Iran, Islamic Rep.",IRN,"Population, total",SP.POP.TOTL,2017,84505076
Iraq,IRQ,"Population, total",SP.POP.TOTL,2017,39621162
Iceland,ISL,"Population, total",SP.POP.TOTL,2017,343400
Israel,ISR,"Population, total",SP.POP.TOTL,2017,8713300
Italy,ITA,"Population, total",SP.POP.TOTL,2017,60536709
Jamaica,JAM,"Population, total",SP.POP.TOTL,2017,2808376
Jordan,JOR,"Population, total",SP.POP.TOTL,2017,10215381
Japan,JPN,"Population, total",SP.POP.TOTL,2017,126972000
Kazakhstan,KAZ,"Population, total",SP.POP.TOTL,2017,18037776
Kenya,KEN,"Population, total",SP.POP.TOTL,2017,48948137
Kyrgyz Republic,KGZ,"Population, total",SP.POP.TOTL,2017,6198200
Cambodia,KHM,"Population, total",SP.POP.TOTL,2017,15830689
Kiribati,KIR,"Population, total",SP.POP.TOTL,2017,120362
St. Kitts and Nevis,KNA,"Population, total",SP.POP.TOTL,2017,47785
"Korea, Rep.",KOR,"Population, total",SP.POP.TOTL,2017,51361911
Kuwait,KWT,"Population, total",SP.POP.TOTL,2017,4124904
Latin America & Caribbean (excluding high income),LAC,"Population, total",SP.POP.TOTL,2017,570381211
Lao PDR,LAO,"Population, total",SP.POP.TOTL,2017,6997917
Lebanon,LBN,"Population, total",SP.POP.TOTL,2017,6109252
Liberia,LBR,"Population, total",SP.POP.TOTL,2017,4796631
Libya,LBY,"Population, total",SP.POP.TOTL,2017,6378261
St. Lucia,LCA,"Population, total",SP.POP.TOTL,2017,177163
Latin America & Caribbean,LCN,"Population, total",SP.POP.TOTL,2017,633795231
Least developed countries: UN classification,LDC,"Population, total",SP.POP.TOTL,2017,998532743
Low income,LIC,"Population, total",SP.POP.TOTL,2017,613946858
Liechtenstein,LIE,"Population, total",SP.POP.TOTL,2017,37889
Sri Lanka,LKA,"Population, total",SP.POP.TOTL,2017,21506813
Lower middle income,LMC,"Population, total",SP.POP.TOTL,2017,2821058566
Low & middle income,LMY,"Population, total",SP.POP.TOTL,2017,6168617518
Lesotho,LSO,"Population, total",SP.POP.TOTL,2017,2170617
Late-demographic dividend,LTE,"Population, total",SP.POP.TOTL,2017,2287248399
Lithuania,LTU,"Population, total",SP.POP.TOTL,2017,2828403
Luxembourg,LUX,"Population, total",SP.POP.TOTL,2017,596336
Latvia,LVA,"Population, total",SP.POP.TOTL,2017,1942248
"Macao SAR, China",MAC,"Population, total",SP.POP.TOTL,2017,638609
St. Martin (French part),MAF,"Population, total",SP.POP.TOTL,2017,34496
Morocco,MAR,"Population, total",SP.POP.TOTL,2017,35528115
Monaco,MCO,"Population, total",SP.POP.TOTL,2017,37044
Moldova,MDA,"Population, total",SP.POP.TOTL,2017,2755189
Madagascar,MDG,"Population, total",SP.POP.TOTL,2017,26169542
Maldives,MDV,"Population, total",SP.POP.TOTL,2017,472442
Middle East & North Africa,MEA,"Population, total",SP.POP.TOTL,2017,456885486
Mexico,MEX,"Population, total",SP.POP.TOTL,2017,122839258
Marshall Islands,MHL,"Population, total",SP.POP.TOTL,2017,47187
Middle income,MIC,"Population, total",SP.POP.TOTL,2017,5554670660
North Macedonia,MKD,"Population, total",SP.POP.TOTL,2017,1898657
Mali,MLI,"Population, total",SP.POP.TOTL,2017,19311355
Malta,MLT,"Population, total",SP.POP.TOTL,2017,467999
Myanmar,MMR,"Population, total",SP.POP.TOTL,2017,52288341
Middle East & North Africa (excluding high income),MNA,"Population, total",SP.POP.TOTL,2017,391607422
Montenegro,MNE,"Population, total",SP.POP.TOTL,2017,622373
Mongolia,MNG,"Population, total",SP.POP.TOTL,2017,3096030
Northern Mariana Islands,MNP,"Population, total",SP.POP.TOTL,2017,50729
Mozambique,MOZ,"Population, total",SP.POP.TOTL,2017,28569441
Mauritania,MRT,"Population, total",SP.POP.TOTL,2017,4160015
Mauritius,MUS,"Population, total",SP.POP.TOTL,2017,1264887
Malawi,MWI,"Population, total",SP.POP.TOTL,2017,17881167
Malaysia,MYS,"Population, total",SP.POP.TOTL,2017,31975806
North America,NAC,"Population, total",SP.POP.TOTL,2017,361731076
Namibia,NAM,"Population, total",SP.POP.TOTL,2017,2364534
New Caledonia,NCL,"Population, total",SP.POP.TOTL,2017,270810
Niger,NER,"Population, total",SP.POP.TOTL,2017,21737922
Nigeria,NGA,"Population, total",SP.POP.TOTL,2017,193495907
Nicaragua,NIC,"Population, total",SP.POP.TOTL,2017,6480532
Netherlands,NLD,"Population, total",SP.POP.TOTL,2017,17131296
Norway,NOR,"Population, total",SP.POP.TOTL,2017,5276968
Nepal,NPL,"Population, total",SP.POP.TOTL,2017,28183426
Nauru,NRU,"Population, total",SP.POP.TOTL,2017,11682
New Zealand,NZL,"Population, total",SP.POP.TOTL,2017,4813600
OECD members,OED,"Population, total",SP.POP.TOTL,2017,1346867182
Oman,OMN,"Population, total",SP.POP.TOTL,2017,4541854
Other small states,OSS,"Population, total",SP.POP.TOTL,2017,13439650
Pakistan,PAK,"Population, total",SP.POP.TOTL,2017,216379655
Panama,PAN,"Population, total",SP.POP.TOTL,2017,4096063
Peru,PER,"Population, total",SP.POP.TOTL,2017,31605486
Philippines,PHL,"Population, total",SP.POP.TOTL,2017,106738501
Palau,PLW,"Population, total",SP.POP.TOTL,2017,17837
Papua New Guinea,PNG,"Population, total",SP.POP.TOTL,2017,9114796
Poland,POL,"Population, total",SP.POP.TOTL,2017,37974826
Pre-demographic dividend,PRE,"Population, total",SP.POP.TOTL,2017,905987912
Puerto Rico,PRI,"Population, total",SP.POP.TOTL,2017,3325286
"Korea, Dem. People's Rep.",PRK,"Population, total",SP.POP.TOTL,2017,25516321
Portugal,PRT,"Population, total",SP.POP.TOTL,2017,10300300
Paraguay,PRY,"Population, total",SP.POP.TOTL,2017,6355404
West Bank and Gaza,PSE,"Population, total",SP.POP.TOTL,2017,4454805
Pacific island small states,PSS,"Population, total",SP.POP.TOTL,2017,2484263
Post-demographic dividend,PST,"Population, total",SP.POP.TOTL,2017,1106262382
French Polynesia,PYF,"Population, total",SP.POP.TOTL,2017,295450
Qatar,QAT,"Population, total",SP.POP.TOTL,2017,2711755
Romania,ROU,"Population, total",SP.POP.TOTL,2017,19588715
Russian Federation,RUS,"Population, total",SP.POP.TOTL,2017,145293260
Rwanda,RWA,"Population, total",SP.POP.TOTL,2017,12230339
South Asia,SAS,"Population, total",SP.POP.TOTL,2017,1818931519
Saudi Arabia,SAU,"Population, total",SP.POP.TOTL,2017,34193122
Sudan,SDN,"Population, total",SP.POP.TOTL,2017,40679828
Senegal,SEN,"Population, total",SP.POP.TOTL,2017,15157793
Singapore,SGP,"Population, total",SP.POP.TOTL,2017,5612253
Solomon Islands,SLB,"Population, total",SP.POP.TOTL,2017,643634
Sierra Leone,SLE,"Population, total",SP.POP.TOTL,2017,7677565
El Salvador,SLV,"Population, total",SP.POP.TOTL,2017,6266654
San Marino,SMR,"Population, total",SP.POP.TOTL,2017,34056
Somalia,SOM,"Population, total",SP.POP.TOTL,2017,14864221
Serbia,SRB,"Population, total",SP.POP.TOTL,2017,7020858
Sub-Saharan Africa (excluding high income),SSA,"Population, total",SP.POP.TOTL,2017,1063789431
South Sudan,SSD,"Population, total",SP.POP.TOTL,2017,10658226
Sub-Saharan Africa,SSF,"Population, total",SP.POP.TOTL,2017,1063885274
Small states,SST,"Population, total",SP.POP.TOTL,2017,18940564
Sao Tome and Principe,STP,"Population, total",SP.POP.TOTL,2017,208036
Suriname,SUR,"Population, total",SP.POP.TOTL,2017,587559
Slovak Republic,SVK,"Population, total",SP.POP.TOTL,2017,5439232
Slovenia,SVN,"Population, total",SP.POP.TOTL,2017,2066388
Sweden,SWE,"Population, total",SP.POP.TOTL,2017,10057698
Eswatini,SWZ,"Population, total",SP.POP.TOTL,2017,1151390
Sint Maarten (Dutch part),SXM,"Population, total",SP.POP.TOTL,2017,38615
Seychelles,SYC,"Population, total",SP.POP.TOTL,2017,95843
Syrian Arab Republic,SYR,"Population, total",SP.POP.TOTL,2017,18983373
Turks and Caicos Islands,TCA,"Population, total",SP.POP.TOTL,2017,39844
Chad,TCD,"Population, total",SP.POP.TOTL,2017,15085884
East Asia & Pacific (IDA & IBRD countries),TEA,"Population, total",SP.POP.TOTL,2017,2055414680
Europe & Central Asia (IDA & IBRD countries),TEC,"Population, total",SP.POP.TOTL,2017,457063732
Togo,TGO,"Population, total",SP.POP.TOTL,2017,7852795
Thailand,THA,"Population, total",SP.POP.TOTL,2017,70898202
Tajikistan,TJK,"Population, total",SP.POP.TOTL,2017,8925525
Turkmenistan,TKM,"Population, total",SP.POP.TOTL,2017,5968383
Latin America & the Caribbean (IDA & IBRD countries),TLA,"Population, total",SP.POP.TOTL,2017,618155029
Timor-Leste,TLS,"Population, total",SP.POP.TOTL,2017,1243235
Middle East & North Africa (IDA & IBRD countries),TMN,"Population, total",SP.POP.TOTL,2017,387152617
Tonga,TON,"Population, total",SP.POP.TOTL,2017,105415
South Asia (IDA & IBRD),TSA,"Population, total",SP.POP.TOTL,2017,1818931519
Sub-Saharan Africa (IDA & IBRD countries),TSS,"Population, total",SP.POP.TOTL,2017,1063885274
Trinidad and Tobago,TTO,"Population, total",SP.POP.TOTL,2017,1478607
Tunisia,TUN,"Population, total",SP.POP.TOTL,2017,11811443
Turkiye,TUR,"Population, total",SP.POP.TOTL,2017,80312698
Tuvalu,TUV,"Population, total",SP.POP.TOTL,2017,10828
Tanzania,TZA,"Population, total",SP.POP.TOTL,2017,56267032
Uganda,UGA,"Population, total",SP.POP.TOTL,2017,40127085
Ukraine,UKR,"Population, total",SP.POP.TOTL,2017,44880758
Upper middle income,UMC,"Population, total",SP.POP.TOTL,2017,2733612094
Uruguay,URY,"Population, total",SP.POP.TOTL,2017,3422200
United States,USA,"Population, total",SP.POP.TOTL,2017,325122128
Uzbekistan,UZB,"Population, total",SP.POP.TOTL,2017,32388600
St. Vincent and the Grenadines,VCT,"Population, total",SP.POP.TOTL,2017,105549
"Venezuela, RB",VEN,"Population, total",SP.POP.TOTL,2017,30563433
British Virgin Islands,VGB,"Population, total",SP.POP.TOTL,2017,30060
Virgin Islands (U.S.),VIR,"Population, total",SP.POP.TOTL,2017,107281
Viet Nam,VNM,"Population, total",SP.POP.TOTL,2017,94033048
Vanuatu,VUT,"Population, total",SP.POP.TOTL,2017,290239
World,WLD,"Population, total",SP.POP.TOTL,2017,7577110140
Samoa,WSM,"Population, total",SP.POP.TOTL,2017,207630
Kosovo,XKX,"Population, total",SP.POP.TOTL,2017,1791003
"Yemen, Rep.",YEM,"Population, total",SP.POP.TOTL,2017,30034389
South Africa,ZAF,"Population, total",SP.POP.TOTL,2017,56641209
Zambia,ZMB,"Population, total",SP.POP.TOTL,2017,17298054
Zimbabwe,ZWE,"Population, total",SP.POP.TOTL,2017,14751101
Aruba,ABW,"Population, total",SP.POP.TOTL,2018,105962
Africa Eastern and Southern,AFE,"Population, total",SP.POP.TOTL,2018,649757148
Afghanistan,AFG,"Population, total",SP.POP.TOTL,2018,36686784
Africa Western and Central,AFW,"Population, total",SP.POP.TOTL,2018,442646825
Angola,AGO,"Population, total",SP.POP.TOTL,2018,31273533
Albania,ALB,"Population, total",SP.POP.TOTL,2018,2866376
Andorra,AND,"Population, total",SP.POP.TOTL,2018,75013
Arab World,ARB,"Population, total",SP.POP.TOTL,2018,432545676
United Arab Emirates,ARE,"Population, total",SP.POP.TOTL,2018,9140169
Argentina,ARG,"Population, total",SP.POP.TOTL,2018,44494502
Armenia,ARM,"Population, total",SP.POP.TOTL,2018,2836557
American Samoa,ASM,"Population, total",SP.POP.TOTL,2018,48424
Antigua and Barbuda,ATG,"Population, total",SP.POP.TOTL,2018,91626
Australia,AUS,"Population, total",SP.POP.TOTL,2018,24963258
Austria,AUT,"Population, total",SP.POP.TOTL,2018,8840521
Azerbaijan,AZE,"Population, total",SP.POP.TOTL,2018,9939771
Burundi,BDI,"Population, total",SP.POP.TOTL,2018,11493472
Belgium,BEL,"Population, total",SP.POP.TOTL,2018,11427054
Benin,BEN,"Population, total",SP.POP.TOTL,2018,11940683
Burkina Faso,BFA,"Population, total",SP.POP.TOTL,2018,20392723
Bangladesh,BGD,"Population, total",SP.POP.TOTL,2018,163683958
Bulgaria,BGR,"Population, total",SP.POP.TOTL,2018,7025037
Bahrain,BHR,"Population, total",SP.POP.TOTL,2018,1487340
"Bahamas, The",BHS,"Population, total",SP.POP.TOTL,2018,401906
Bosnia and Herzegovina,BIH,"Population, total",SP.POP.TOTL,2018,3400129
Belarus,BLR,"Population, total",SP.POP.TOTL,2018,9438785
Belize,BLZ,"Population, total",SP.POP.TOTL,2018,382066
Bermuda,BMU,"Population, total",SP.POP.TOTL,2018,63918
Bolivia,BOL,"Population, total",SP.POP.TOTL,2018,11606905
Brazil,BRA,"Population, total",SP.POP.TOTL,2018,210166592
Barbados,BRB,"Population, total",SP.POP.TOTL,2018,279688
Brunei Darussalam,BRN,"Population, total",SP.POP.TOTL,2018,434274
Bhutan,BTN,"Population, total",SP.POP.TOTL,2018,762096
Botswana,BWA,"Population, total",SP.POP.TOTL,2018,2451409
Central African Republic,CAF,"Population, total",SP.POP.TOTL,2018,5094780
Canada,CAN,"Population, total",SP.POP.TOTL,2018,37072620
Central Europe and the Baltics,CEB,"Population, total",SP.POP.TOTL,2018,102538451
Switzerland,CHE,"Population, total",SP.POP.TOTL,2018,8514329
Channel Islands,CHI,"Population, total",SP.POP.TOTL,2018,167259
Chile,CHL,"Population, total",SP.POP.TOTL,2018,18701450
China,CHN,"Population, total",SP.POP.TOTL,2018,1402760000
Cote d'Ivoire,CIV,"Population, total",SP.POP.TOTL,2018,25493988
Cameroon,CMR,"Population, total",SP.POP.TOTL,2018,25076747
"Congo, Dem. Rep.",COD,"Population, total",SP.POP.TOTL,2018,87087355
"Congo, Rep.",COG,"Population, total",SP.POP.TOTL,2018,5441062
Colombia,COL,"Population, total",SP.POP.TOTL,2018,49276961
Comoros,COM,"Population, total",SP.POP.TOTL,2018,776313
Cabo Verde,CPV,"Population, total",SP.POP.TOTL,2018,571202
Costa Rica,CRI,"Population, total",SP.POP.TOTL,2018,5040734
Caribbean small states,CSS,"Population, total",SP.POP.TOTL,2018,3058106
Cuba,CUB,"Population, total",SP.POP.TOTL,2018,11328244
Curacao,CUW,"Population, total",SP.POP.TOTL,2018,159336
Cayman Islands,CYM,"Population, total",SP.POP.TOTL,2018,64884
Cyprus,CYP,"Population, total",SP.POP.TOTL,2018,1218831
Czechia,CZE,"Population, total",SP.POP.TOTL,2018,10629928
Germany,DEU,"Population, total",SP.POP.TOTL,2018,82905782
Djibouti,DJI,"Population, total",SP.POP.TOTL,2018,1057198
Dominica,DMA,"Population, total",SP.POP.TOTL,2018,70823
Denmark,DNK,"Population, total",SP.POP.TOTL,2018,5793636
Dominican Republic,DOM,"Population, total",SP.POP.TOTL,2018,10765531
Algeria,DZA,"Population, total",SP.POP.TOTL,2018,41927007
East Asia & Pacific (excluding high income),EAP,"Population, total",SP.POP.TOTL,2018,2094506990
Early-demographic dividend,EAR,"Population, total",SP.POP.TOTL,2018,3292896609
East Asia & Pacific,EAS,"Population, total",SP.POP.TOTL,2018,2341383691
Europe & Central Asia (excluding high income),ECA,"Population, total",SP.POP.TOTL,2018,245052675
Europe & Central Asia,ECS,"Population, total",SP.POP.TOTL,2018,918181600
Ecuador,ECU,"Population, total",SP.POP.TOTL,2018,17015672
"Egypt, Arab Rep.",EGY,"Population, total",SP.POP.TOTL,2018,103740765
Euro area,EMU,"Population, total",SP.POP.TOTL,2018,346153001
Eritrea,ERI,"Population, total",SP.POP.TOTL,2018,3445374
Spain,ESP,"Population, total",SP.POP.TOTL,2018,46797754
Estonia,EST,"Population, total",SP.POP.TOTL,2018,1321977
Ethiopia,ETH,"Population, total",SP.POP.TOTL,2018,111129438
European Union,EUU,"Population, total",SP.POP.TOTL,2018,447001100
Fragile and conflict affected situations,FCS,"Population, total",SP.POP.TOTL,2018,936789597
Finland,FIN,"Population, total",SP.POP.TOTL,2018,5515525
Fiji,FJI,"Population, total",SP.POP.TOTL,2018,918996
France,FRA,"Population, total",SP.POP.TOTL,2018,67158348
Faroe Islands,FRO,"Population, total",SP.POP.TOTL,2018,50955
"Micronesia, Fed. Sts.",FSM,"Population, total",SP.POP.TOTL,2018,110929
Gabon,GAB,"Population, total",SP.POP.TOTL,2018,2192012
United Kingdom,GBR,"Population, total",SP.POP.TOTL,2018,66460344
Georgia,GEO,"Population, total",SP.POP.TOTL,2018,3726549
Ghana,GHA,"Population, total",SP.POP.TOTL,2018,30870641
Gibraltar,GIB,"Population, total",SP.POP.TOTL,2018,32648
Guinea,GIN,"Population, total",SP.POP.TOTL,2018,12554864
"Gambia, The",GMB,"Population, total",SP.POP.TOTL,2018,2444916
Guinea-Bissau,GNB,"Population, total",SP.POP.TOTL,2018,1924955
Equatorial Guinea,GNQ,"Population, total",SP.POP.TOTL,2018,1502091
Greece,GRC,"Population, total",SP.POP.TOTL,2018,10732882
Grenada,GRD,"Population, total",SP.POP.TOTL,2018,121838
Greenland,GRL,"Population, total",SP.POP.TOTL,2018,56023
Guatemala,GTM,"Population, total",SP.POP.TOTL,2018,16346950
Guam,GUM,"Population, total",SP.POP.TOTL,2018,168678
Guyana,GUY,"Population, total",SP.POP.TOTL,2018,785514
High income,HIC,"Population, total",SP.POP.TOTL,2018,1383955367
"Hong Kong SAR, China",HKG,"Population, total",SP.POP.TOTL,2018,7452600
Honduras,HND,"Population, total",SP.POP.TOTL,2018,9792850
Heavily indebted poor countries (HIPC),HPC,"Population, total",SP.POP.TOTL,2018,792615894
Croatia,HRV,"Population, total",SP.POP.TOTL,2018,4087843
Haiti,HTI,"Population, total",SP.POP.TOTL,2018,11012421
Hungary,HUN,"Population, total",SP.POP.TOTL,2018,9775564
IBRD only,IBD,"Population, total",SP.POP.TOTL,2018,4794094269
IDA & IBRD total,IBT,"Population, total",SP.POP.TOTL,2018,6478776303
IDA total,IDA,"Population, total",SP.POP.TOTL,2018,1684682034
IDA blend,IDB,"Population, total",SP.POP.TOTL,2018,560698093
Indonesia,IDN,"Population, total",SP.POP.TOTL,2018,267066843
IDA only,IDX,"Population, total",SP.POP.TOTL,2018,1123983941
Isle of Man,IMN,"Population, total",SP.POP.TOTL,2018,83775
India,IND,"Population, total",SP.POP.TOTL,2018,1369003306
Not classified,INX,"Population, total",SP.POP.TOTL,2018,NA
Ireland,IRL,"Population, total",SP.POP.TOTL,2018,4867316
"Iran, Islamic Rep.",IRN,"Population, total",SP.POP.TOTL,2018,85617562
Iraq,IRQ,"Population, total",SP.POP.TOTL,2018,40590700
Iceland,ISL,"Population, total",SP.POP.TOTL,2018,352721
Israel,ISR,"Population, total",SP.POP.TOTL,2018,8882800
Italy,ITA,"Population, total",SP.POP.TOTL,2018,60421760
Jamaica,JAM,"Population, total",SP.POP.TOTL,2018,2811835
Jordan,JOR,"Population, total",SP.POP.TOTL,2018,10459865
Japan,JPN,"Population, total",SP.POP.TOTL,2018,126811000
Kazakhstan,KAZ,"Population, total",SP.POP.TOTL,2018,18276452
Kenya,KEN,"Population, total",SP.POP.TOTL,2018,49953304
Kyrgyz Republic,KGZ,"Population, total",SP.POP.TOTL,2018,6322800
Cambodia,KHM,"Population, total",SP.POP.TOTL,2018,16025238
Kiribati,KIR,"Population, total",SP.POP.TOTL,2018,122261
St. Kitts and Nevis,KNA,"Population, total",SP.POP.TOTL,2018,47761
"Korea, Rep.",KOR,"Population, total",SP.POP.TOTL,2018,51585058
Kuwait,KWT,"Population, total",SP.POP.TOTL,2018,4317185
Latin America & Caribbean (excluding high income),LAC,"Population, total",SP.POP.TOTL,2018,576620516
Lao PDR,LAO,"Population, total",SP.POP.TOTL,2018,7105006
Lebanon,LBN,"Population, total",SP.POP.TOTL,2018,5950839
Liberia,LBR,"Population, total",SP.POP.TOTL,2018,4889391
Libya,LBY,"Population, total",SP.POP.TOTL,2018,6477793
St. Lucia,LCA,"Population, total",SP.POP.TOTL,2018,177888
Latin America & Caribbean,LCN,"Population, total",SP.POP.TOTL,2018,639626265
Least developed countries: UN classification,LDC,"Population, total",SP.POP.TOTL,2018,1022731692
Low income,LIC,"Population, total",SP.POP.TOTL,2018,630865826
Liechtenstein,LIE,"Population, total",SP.POP.TOTL,2018,38181
Sri Lanka,LKA,"Population, total",SP.POP.TOTL,2018,21670000
Lower middle income,LMC,"Population, total",SP.POP.TOTL,2018,2862391122
Low & middle income,LMY,"Population, total",SP.POP.TOTL,2018,6247396829
Lesotho,LSO,"Population, total",SP.POP.TOTL,2018,2198017
Late-demographic dividend,LTE,"Population, total",SP.POP.TOTL,2018,2299720675
Lithuania,LTU,"Population, total",SP.POP.TOTL,2018,2801543
Luxembourg,LUX,"Population, total",SP.POP.TOTL,2018,607950
Latvia,LVA,"Population, total",SP.POP.TOTL,2018,1927174
"Macao SAR, China",MAC,"Population, total",SP.POP.TOTL,2018,650991
St. Martin (French part),MAF,"Population, total",SP.POP.TOTL,2018,33852
Morocco,MAR,"Population, total",SP.POP.TOTL,2018,35927511
Monaco,MCO,"Population, total",SP.POP.TOTL,2018,37029
Moldova,MDA,"Population, total",SP.POP.TOTL,2018,2707203
Madagascar,MDG,"Population, total",SP.POP.TOTL,2018,26846541
Maldives,MDV,"Population, total",SP.POP.TOTL,2018,489758
Middle East & North Africa,MEA,"Population, total",SP.POP.TOTL,2018,465073490
Mexico,MEX,"Population, total",SP.POP.TOTL,2018,124013861
Marshall Islands,MHL,"Population, total",SP.POP.TOTL,2018,45989
Middle income,MIC,"Population, total",SP.POP.TOTL,2018,5616531003
North Macedonia,MKD,"Population, total",SP.POP.TOTL,2018,1889051
Mali,MLI,"Population, total",SP.POP.TOTL,2018,19934298
Malta,MLT,"Population, total",SP.POP.TOTL,2018,484630
Myanmar,MMR,"Population, total",SP.POP.TOTL,2018,52666014
Middle East & North Africa (excluding high income),MNA,"Population, total",SP.POP.TOTL,2018,398375344
Montenegro,MNE,"Population, total",SP.POP.TOTL,2018,622227
Mongolia,MNG,"Population, total",SP.POP.TOTL,2018,3163991
Northern Mariana Islands,MNP,"Population, total",SP.POP.TOTL,2018,50304
Mozambique,MOZ,"Population, total",SP.POP.TOTL,2018,29423878
Mauritania,MRT,"Population, total",SP.POP.TOTL,2018,4270712
Mauritius,MUS,"Population, total",SP.POP.TOTL,2018,1265577
Malawi,MWI,"Population, total",SP.POP.TOTL,2018,18367883
Malaysia,MYS,"Population, total",SP.POP.TOTL,2018,32399271
North America,NAC,"Population, total",SP.POP.TOTL,2018,363974737
Namibia,NAM,"Population, total",SP.POP.TOTL,2018,2405680
New Caledonia,NCL,"Population, total",SP.POP.TOTL,2018,271170
Niger,NER,"Population, total",SP.POP.TOTL,2018,22577058
Nigeria,NGA,"Population, total",SP.POP.TOTL,2018,198387623
Nicaragua,NIC,"Population, total",SP.POP.TOTL,2018,6572233
Netherlands,NLD,"Population, total",SP.POP.TOTL,2018,17231624
Norway,NOR,"Population, total",SP.POP.TOTL,2018,5311916
Nepal,NPL,"Population, total",SP.POP.TOTL,2018,28506712
Nauru,NRU,"Population, total",SP.POP.TOTL,2018,11924
New Zealand,NZL,"Population, total",SP.POP.TOTL,2018,4900600
OECD members,OED,"Population, total",SP.POP.TOTL,2018,1354843844
Oman,OMN,"Population, total",SP.POP.TOTL,2018,4601157
Other small states,OSS,"Population, total",SP.POP.TOTL,2018,13608679
Pakistan,PAK,"Population, total",SP.POP.TOTL,2018,219731479
Panama,PAN,"Population, total",SP.POP.TOTL,2018,4165255
Peru,PER,"Population, total",SP.POP.TOTL,2018,32203944
Philippines,PHL,"Population, total",SP.POP.TOTL,2018,108568836
Palau,PLW,"Population, total",SP.POP.TOTL,2018,17864
Papua New Guinea,PNG,"Population, total",SP.POP.TOTL,2018,9329227
Poland,POL,"Population, total",SP.POP.TOTL,2018,37974750
Pre-demographic dividend,PRE,"Population, total",SP.POP.TOTL,2018,931467165
Puerto Rico,PRI,"Population, total",SP.POP.TOTL,2018,3193354
"Korea, Dem. People's Rep.",PRK,"Population, total",SP.POP.TOTL,2018,25638149
Portugal,PRT,"Population, total",SP.POP.TOTL,2018,10283822
Paraguay,PRY,"Population, total",SP.POP.TOTL,2018,6443328
West Bank and Gaza,PSE,"Population, total",SP.POP.TOTL,2018,4569087
Pacific island small states,PSS,"Population, total",SP.POP.TOTL,2018,2510226
Post-demographic dividend,PST,"Population, total",SP.POP.TOTL,2018,1110198958
French Polynesia,PYF,"Population, total",SP.POP.TOTL,2018,297606
Qatar,QAT,"Population, total",SP.POP.TOTL,2018,2766732
Romania,ROU,"Population, total",SP.POP.TOTL,2018,19473970
Russian Federation,RUS,"Population, total",SP.POP.TOTL,2018,145398106
Rwanda,RWA,"Population, total",SP.POP.TOTL,2018,12531808
South Asia,SAS,"Population, total",SP.POP.TOTL,2018,1840534093
Saudi Arabia,SAU,"Population, total",SP.POP.TOTL,2018,35018133
Sudan,SDN,"Population, total",SP.POP.TOTL,2018,41999059
Senegal,SEN,"Population, total",SP.POP.TOTL,2018,15574909
Singapore,SGP,"Population, total",SP.POP.TOTL,2018,5638676
Solomon Islands,SLB,"Population, total",SP.POP.TOTL,2018,659249
Sierra Leone,SLE,"Population, total",SP.POP.TOTL,2018,7861281
El Salvador,SLV,"Population, total",SP.POP.TOTL,2018,6276342
San Marino,SMR,"Population, total",SP.POP.TOTL,2018,34156
Somalia,SOM,"Population, total",SP.POP.TOTL,2018,15411094
Serbia,SRB,"Population, total",SP.POP.TOTL,2018,6982604
Sub-Saharan Africa (excluding high income),SSA,"Population, total",SP.POP.TOTL,2018,1092307211
South Sudan,SSD,"Population, total",SP.POP.TOTL,2018,10395329
Sub-Saharan Africa,SSF,"Population, total",SP.POP.TOTL,2018,1092403973
Small states,SST,"Population, total",SP.POP.TOTL,2018,19177011
Sao Tome and Principe,STP,"Population, total",SP.POP.TOTL,2018,211344
Suriname,SUR,"Population, total",SP.POP.TOTL,2018,593715
Slovak Republic,SVK,"Population, total",SP.POP.TOTL,2018,5446771
Slovenia,SVN,"Population, total",SP.POP.TOTL,2018,2073894
Sweden,SWE,"Population, total",SP.POP.TOTL,2018,10175214
Eswatini,SWZ,"Population, total",SP.POP.TOTL,2018,1160428
Sint Maarten (Dutch part),SXM,"Population, total",SP.POP.TOTL,2018,38934
Seychelles,SYC,"Population, total",SP.POP.TOTL,2018,96762
Syrian Arab Republic,SYR,"Population, total",SP.POP.TOTL,2018,19333463
Turks and Caicos Islands,TCA,"Population, total",SP.POP.TOTL,2018,41487
Chad,TCD,"Population, total",SP.POP.TOTL,2018,15604210
East Asia & Pacific (IDA & IBRD countries),TEA,"Population, total",SP.POP.TOTL,2018,2068898629
Europe & Central Asia (IDA & IBRD countries),TEC,"Population, total",SP.POP.TOTL,2018,459012381
Togo,TGO,"Population, total",SP.POP.TOTL,2018,8046679
Thailand,THA,"Population, total",SP.POP.TOTL,2018,71127802
Tajikistan,TJK,"Population, total",SP.POP.TOTL,2018,9128132
Turkmenistan,TKM,"Population, total",SP.POP.TOTL,2018,6065066
Latin America & the Caribbean (IDA & IBRD countries),TLA,"Population, total",SP.POP.TOTL,2018,624120970
Timor-Leste,TLS,"Population, total",SP.POP.TOTL,2018,1261845
Middle East & North Africa (IDA & IBRD countries),TMN,"Population, total",SP.POP.TOTL,2018,393806257
Tonga,TON,"Population, total",SP.POP.TOTL,2018,105150
South Asia (IDA & IBRD),TSA,"Population, total",SP.POP.TOTL,2018,1840534093
Sub-Saharan Africa (IDA & IBRD countries),TSS,"Population, total",SP.POP.TOTL,2018,1092403973
Trinidad and Tobago,TTO,"Population, total",SP.POP.TOTL,2018,1504709
Tunisia,TUN,"Population, total",SP.POP.TOTL,2018,11933041
Turkiye,TUR,"Population, total",SP.POP.TOTL,2018,81407204
Tuvalu,TUV,"Population, total",SP.POP.TOTL,2018,10865
Tanzania,TZA,"Population, total",SP.POP.TOTL,2018,58090443
Uganda,UGA,"Population, total",SP.POP.TOTL,2018,41515395
Ukraine,UKR,"Population, total",SP.POP.TOTL,2018,44690584
Upper middle income,UMC,"Population, total",SP.POP.TOTL,2018,2754139881
Uruguay,URY,"Population, total",SP.POP.TOTL,2018,3427042
United States,USA,"Population, total",SP.POP.TOTL,2018,326838199
Uzbekistan,UZB,"Population, total",SP.POP.TOTL,2018,32956100
St. Vincent and the Grenadines,VCT,"Population, total",SP.POP.TOTL,2018,105281
"Venezuela, RB",VEN,"Population, total",SP.POP.TOTL,2018,29825653
British Virgin Islands,VGB,"Population, total",SP.POP.TOTL,2018,30335
Virgin Islands (U.S.),VIR,"Population, total",SP.POP.TOTL,2018,107001
Viet Nam,VNM,"Population, total",SP.POP.TOTL,2018,94914330
Vanuatu,VUT,"Population, total",SP.POP.TOTL,2018,297298
World,WLD,"Population, total",SP.POP.TOTL,2018,7661177849
Samoa,WSM,"Population, total",SP.POP.TOTL,2018,209701
Kosovo,XKX,"Population, total",SP.POP.TOTL,2018,1797085
"Yemen, Rep.",YEM,"Population, total",SP.POP.TOTL,2018,30790513
South Africa,ZAF,"Population, total",SP.POP.TOTL,2018,57339635
Zambia,ZMB,"Population, total",SP.POP.TOTL,2018,17835893
Zimbabwe,ZWE,"Population, total",SP.POP.TOTL,2018,15052184
Aruba,ABW,"Population, total",SP.POP.TOTL,2019,106442
Africa Eastern and Southern,AFE,"Population, total",SP.POP.TOTL,2019,667242986
Afghanistan,AFG,"Population, total",SP.POP.TOTL,2019,37769499
Africa Western and Central,AFW,"Population, total",SP.POP.TOTL,2019,454306063
Angola,AGO,"Population, total",SP.POP.TOTL,2019,32353588
Albania,ALB,"Population, total",SP.POP.TOTL,2019,2854191
Andorra,AND,"Population, total",SP.POP.TOTL,2019,76343
Arab World,ARB,"Population, total",SP.POP.TOTL,2019,441467739
United Arab Emirates,ARE,"Population, total",SP.POP.TOTL,2019,9211657
Argentina,ARG,"Population, total",SP.POP.TOTL,2019,44938712
Armenia,ARM,"Population, total",SP.POP.TOTL,2019,2820602
American Samoa,ASM,"Population, total",SP.POP.TOTL,2019,47321
Antigua and Barbuda,ATG,"Population, total",SP.POP.TOTL,2019,92117
Australia,AUS,"Population, total",SP.POP.TOTL,2019,25334826
Austria,AUT,"Population, total",SP.POP.TOTL,2019,8879920
Azerbaijan,AZE,"Population, total",SP.POP.TOTL,2019,10024283
Burundi,BDI,"Population, total",SP.POP.TOTL,2019,11874838
Belgium,BEL,"Population, total",SP.POP.TOTL,2019,11488980
Benin,BEN,"Population, total",SP.POP.TOTL,2019,12290444
Burkina Faso,BFA,"Population, total",SP.POP.TOTL,2019,20951639
Bangladesh,BGD,"Population, total",SP.POP.TOTL,2019,165516222
Bulgaria,BGR,"Population, total",SP.POP.TOTL,2019,6975761
Bahrain,BHR,"Population, total",SP.POP.TOTL,2019,1494188
"Bahamas, The",BHS,"Population, total",SP.POP.TOTL,2019,404557
Bosnia and Herzegovina,BIH,"Population, total",SP.POP.TOTL,2019,3360711
Belarus,BLR,"Population, total",SP.POP.TOTL,2019,9419758
Belize,BLZ,"Population, total",SP.POP.TOTL,2019,389095
Bermuda,BMU,"Population, total",SP.POP.TOTL,2019,63911
Bolivia,BOL,"Population, total",SP.POP.TOTL,2019,11777315
Brazil,BRA,"Population, total",SP.POP.TOTL,2019,211782878
Barbados,BRB,"Population, total",SP.POP.TOTL,2019,280180
Brunei Darussalam,BRN,"Population, total",SP.POP.TOTL,2019,438048
Bhutan,BTN,"Population, total",SP.POP.TOTL,2019,767459
Botswana,BWA,"Population, total",SP.POP.TOTL,2019,2499702
Central African Republic,CAF,"Population, total",SP.POP.TOTL,2019,5209324
Canada,CAN,"Population, total",SP.POP.TOTL,2019,37618495
Central Europe and the Baltics,CEB,"Population, total",SP.POP.TOTL,2019,102398537
Switzerland,CHE,"Population, total",SP.POP.TOTL,2019,8575280
Channel Islands,CHI,"Population, total",SP.POP.TOTL,2019,169410
Chile,CHL,"Population, total",SP.POP.TOTL,2019,19039485
China,CHN,"Population, total",SP.POP.TOTL,2019,1407745000
Cote d'Ivoire,CIV,"Population, total",SP.POP.TOTL,2019,26147551
Cameroon,CMR,"Population, total",SP.POP.TOTL,2019,25782341
"Congo, Dem. Rep.",COD,"Population, total",SP.POP.TOTL,2019,89906890
"Congo, Rep.",COG,"Population, total",SP.POP.TOTL,2019,5570733
Colombia,COL,"Population, total",SP.POP.TOTL,2019,50187406
Comoros,COM,"Population, total",SP.POP.TOTL,2019,790986
Cabo Verde,CPV,"Population, total",SP.POP.TOTL,2019,577030
Costa Rica,CRI,"Population, total",SP.POP.TOTL,2019,5084532
Caribbean small states,CSS,"Population, total",SP.POP.TOTL,2019,3090374
Cuba,CUB,"Population, total",SP.POP.TOTL,2019,11316697
Curacao,CUW,"Population, total",SP.POP.TOTL,2019,157441
Cayman Islands,CYM,"Population, total",SP.POP.TOTL,2019,66134
Cyprus,CYP,"Population, total",SP.POP.TOTL,2019,1228836
Czechia,CZE,"Population, total",SP.POP.TOTL,2019,10671870
Germany,DEU,"Population, total",SP.POP.TOTL,2019,83092962
Djibouti,DJI,"Population, total",SP.POP.TOTL,2019,1073994
Dominica,DMA,"Population, total",SP.POP.TOTL,2019,71428
Denmark,DNK,"Population, total",SP.POP.TOTL,2019,5814422
Dominican Republic,DOM,"Population, total",SP.POP.TOTL,2019,10881882
Algeria,DZA,"Population, total",SP.POP.TOTL,2019,42705368
East Asia & Pacific (excluding high income),EAP,"Population, total",SP.POP.TOTL,2019,2106374009
Early-demographic dividend,EAR,"Population, total",SP.POP.TOTL,2019,3334561751
East Asia & Pacific,EAS,"Population, total",SP.POP.TOTL,2019,2353856866
Europe & Central Asia (excluding high income),ECA,"Population, total",SP.POP.TOTL,2019,247195931
Europe & Central Asia,ECS,"Population, total",SP.POP.TOTL,2019,921212388
Ecuador,ECU,"Population, total",SP.POP.TOTL,2019,17343740
"Egypt, Arab Rep.",EGY,"Population, total",SP.POP.TOTL,2019,105618671
Euro area,EMU,"Population, total",SP.POP.TOTL,2019,346517987
Eritrea,ERI,"Population, total",SP.POP.TOTL,2019,3498818
Spain,ESP,"Population, total",SP.POP.TOTL,2019,47134837
Estonia,EST,"Population, total",SP.POP.TOTL,2019,1326898
Ethiopia,ETH,"Population, total",SP.POP.TOTL,2019,114120594
European Union,EUU,"Population, total",SP.POP.TOTL,2019,447367191
Fragile and conflict affected situations,FCS,"Population, total",SP.POP.TOTL,2019,957873862
Finland,FIN,"Population, total",SP.POP.TOTL,2019,5521606
Fiji,FJI,"Population, total",SP.POP.TOTL,2019,918465
France,FRA,"Population, total",SP.POP.TOTL,2019,67388001
Faroe Islands,FRO,"Population, total",SP.POP.TOTL,2019,51681
"Micronesia, Fed. Sts.",FSM,"Population, total",SP.POP.TOTL,2019,111379
Gabon,GAB,"Population, total",SP.POP.TOTL,2019,2242785
United Kingdom,GBR,"Population, total",SP.POP.TOTL,2019,66836327
Georgia,GEO,"Population, total",SP.POP.TOTL,2019,3720161
Ghana,GHA,"Population, total",SP.POP.TOTL,2019,31522290
Gibraltar,GIB,"Population, total",SP.POP.TOTL,2019,32685
Guinea,GIN,"Population, total",SP.POP.TOTL,2019,12877539
"Gambia, The",GMB,"Population, total",SP.POP.TOTL,2019,2508883
Guinea-Bissau,GNB,"Population, total",SP.POP.TOTL,2019,1970457
Equatorial Guinea,GNQ,"Population, total",SP.POP.TOTL,2019,1553031
Greece,GRC,"Population, total",SP.POP.TOTL,2019,10721582
Grenada,GRD,"Population, total",SP.POP.TOTL,2019,122724
Greenland,GRL,"Population, total",SP.POP.TOTL,2019,56225
Guatemala,GTM,"Population, total",SP.POP.TOTL,2019,16604026
Guam,GUM,"Population, total",SP.POP.TOTL,2019,168624
Guyana,GUY,"Population, total",SP.POP.TOTL,2019,798753
High income,HIC,"Population, total",SP.POP.TOTL,2019,1389172209
"Hong Kong SAR, China",HKG,"Population, total",SP.POP.TOTL,2019,7507900
Honduras,HND,"Population, total",SP.POP.TOTL,2019,9958829
Heavily indebted poor countries (HIPC),HPC,"Population, total",SP.POP.TOTL,2019,815100831
Croatia,HRV,"Population, total",SP.POP.TOTL,2019,4065253
Haiti,HTI,"Population, total",SP.POP.TOTL,2019,11160438
Hungary,HUN,"Population, total",SP.POP.TOTL,2019,9771141
IBRD only,IBD,"Population, total",SP.POP.TOTL,2019,4832585266
IDA & IBRD total,IBT,"Population, total",SP.POP.TOTL,2019,6555193386
IDA total,IDA,"Population, total",SP.POP.TOTL,2019,1722608120
IDA blend,IDB,"Population, total",SP.POP.TOTL,2019,572192040
Indonesia,IDN,"Population, total",SP.POP.TOTL,2019,269582878
IDA only,IDX,"Population, total",SP.POP.TOTL,2019,1150416080
Isle of Man,IMN,"Population, total",SP.POP.TOTL,2019,83933
India,IND,"Population, total",SP.POP.TOTL,2019,1383112050
Not classified,INX,"Population, total",SP.POP.TOTL,2019,NA
Ireland,IRL,"Population, total",SP.POP.TOTL,2019,4934340
"Iran, Islamic Rep.",IRN,"Population, total",SP.POP.TOTL,2019,86564202
Iraq,IRQ,"Population, total",SP.POP.TOTL,2019,41563520
Iceland,ISL,"Population, total",SP.POP.TOTL,2019,360563
Israel,ISR,"Population, total",SP.POP.TOTL,2019,9054000
Italy,ITA,"Population, total",SP.POP.TOTL,2019,59729081
Jamaica,JAM,"Population, total",SP.POP.TOTL,2019,2813773
Jordan,JOR,"Population, total",SP.POP.TOTL,2019,10698683
Japan,JPN,"Population, total",SP.POP.TOTL,2019,126633000
Kazakhstan,KAZ,"Population, total",SP.POP.TOTL,2019,18513673
Kenya,KEN,"Population, total",SP.POP.TOTL,2019,50951450
Kyrgyz Republic,KGZ,"Population, total",SP.POP.TOTL,2019,6456200
Cambodia,KHM,"Population, total",SP.POP.TOTL,2019,16207746
Kiribati,KIR,"Population, total",SP.POP.TOTL,2019,124241
St. Kitts and Nevis,KNA,"Population, total",SP.POP.TOTL,2019,47712
"Korea, Rep.",KOR,"Population, total",SP.POP.TOTL,2019,51764822
Kuwait,KWT,"Population, total",SP.POP.TOTL,2019,4441100
Latin America & Caribbean (excluding high income),LAC,"Population, total",SP.POP.TOTL,2019,582701622
Lao PDR,LAO,"Population, total",SP.POP.TOTL,2019,7212053
Lebanon,LBN,"Population, total",SP.POP.TOTL,2019,5781907
Liberia,LBR,"Population, total",SP.POP.TOTL,2019,4985289
Libya,LBY,"Population, total",SP.POP.TOTL,2019,6569088
St. Lucia,LCA,"Population, total",SP.POP.TOTL,2019,178583
Latin America & Caribbean,LCN,"Population, total",SP.POP.TOTL,2019,645293844
Least developed countries: UN classification,LDC,"Population, total",SP.POP.TOTL,2019,1047426093
Low income,LIC,"Population, total",SP.POP.TOTL,2019,648755452
Liechtenstein,LIE,"Population, total",SP.POP.TOTL,2019,38482
Sri Lanka,LKA,"Population, total",SP.POP.TOTL,2019,21803000
Lower middle income,LMC,"Population, total",SP.POP.TOTL,2019,2903108878
Low & middle income,LMY,"Population, total",SP.POP.TOTL,2019,6324580903
Lesotho,LSO,"Population, total",SP.POP.TOTL,2019,2225702
Late-demographic dividend,LTE,"Population, total",SP.POP.TOTL,2019,2310338402
Lithuania,LTU,"Population, total",SP.POP.TOTL,2019,2794137
Luxembourg,LUX,"Population, total",SP.POP.TOTL,2019,620001
Latvia,LVA,"Population, total",SP.POP.TOTL,2019,1913822
"Macao SAR, China",MAC,"Population, total",SP.POP.TOTL,2019,663653
St. Martin (French part),MAF,"Population, total",SP.POP.TOTL,2019,33121
Morocco,MAR,"Population, total",SP.POP.TOTL,2019,36304408
Monaco,MCO,"Population, total",SP.POP.TOTL,2019,37034
Moldova,MDA,"Population, total",SP.POP.TOTL,2019,2664224
Madagascar,MDG,"Population, total",SP.POP.TOTL,2019,27533134
Maldives,MDV,"Population, total",SP.POP.TOTL,2019,504508
Middle East & North Africa,MEA,"Population, total",SP.POP.TOTL,2019,473201775
Mexico,MEX,"Population, total",SP.POP.TOTL,2019,125085311
Marshall Islands,MHL,"Population, total",SP.POP.TOTL,2019,44728
Middle income,MIC,"Population, total",SP.POP.TOTL,2019,5675825451
North Macedonia,MKD,"Population, total",SP.POP.TOTL,2019,1876262
Mali,MLI,"Population, total",SP.POP.TOTL,2019,20567424
Malta,MLT,"Population, total",SP.POP.TOTL,2019,504062
Myanmar,MMR,"Population, total",SP.POP.TOTL,2019,53040212
Middle East & North Africa (excluding high income),MNA,"Population, total",SP.POP.TOTL,2019,405259403
Montenegro,MNE,"Population, total",SP.POP.TOTL,2019,622028
Mongolia,MNG,"Population, total",SP.POP.TOTL,2019,3232430
Northern Mariana Islands,MNP,"Population, total",SP.POP.TOTL,2019,49858
Mozambique,MOZ,"Population, total",SP.POP.TOTL,2019,30285595
Mauritania,MRT,"Population, total",SP.POP.TOTL,2019,4383849
Mauritius,MUS,"Population, total",SP.POP.TOTL,2019,1265985
Malawi,MWI,"Population, total",SP.POP.TOTL,2019,18867337
Malaysia,MYS,"Population, total",SP.POP.TOTL,2019,32804020
North America,NAC,"Population, total",SP.POP.TOTL,2019,366012359
Namibia,NAM,"Population, total",SP.POP.TOTL,2019,2446644
New Caledonia,NCL,"Population, total",SP.POP.TOTL,2019,271240
Niger,NER,"Population, total",SP.POP.TOTL,2019,23443393
Nigeria,NGA,"Population, total",SP.POP.TOTL,2019,203304492
Nicaragua,NIC,"Population, total",SP.POP.TOTL,2019,6663924
Netherlands,NLD,"Population, total",SP.POP.TOTL,2019,17344874
Norway,NOR,"Population, total",SP.POP.TOTL,2019,5347896
Nepal,NPL,"Population, total",SP.POP.TOTL,2019,28832496
Nauru,NRU,"Population, total",SP.POP.TOTL,2019,12132
New Zealand,NZL,"Population, total",SP.POP.TOTL,2019,4979200
OECD members,OED,"Population, total",SP.POP.TOTL,2019,1362032167
Oman,OMN,"Population, total",SP.POP.TOTL,2019,4602768
Other small states,OSS,"Population, total",SP.POP.TOTL,2019,13751038
Pakistan,PAK,"Population, total",SP.POP.TOTL,2019,223293280
Panama,PAN,"Population, total",SP.POP.TOTL,2019,4232532
Peru,PER,"Population, total",SP.POP.TOTL,2019,32824861
Philippines,PHL,"Population, total",SP.POP.TOTL,2019,110380804
Palau,PLW,"Population, total",SP.POP.TOTL,2019,17916
Papua New Guinea,PNG,"Population, total",SP.POP.TOTL,2019,9542486
Poland,POL,"Population, total",SP.POP.TOTL,2019,37965475
Pre-demographic dividend,PRE,"Population, total",SP.POP.TOTL,2019,957503246
Puerto Rico,PRI,"Population, total",SP.POP.TOTL,2019,3193694
"Korea, Dem. People's Rep.",PRK,"Population, total",SP.POP.TOTL,2019,25755441
Portugal,PRT,"Population, total",SP.POP.TOTL,2019,10286263
Paraguay,PRY,"Population, total",SP.POP.TOTL,2019,6530026
West Bank and Gaza,PSE,"Population, total",SP.POP.TOTL,2019,4685306
Pacific island small states,PSS,"Population, total",SP.POP.TOTL,2019,2536070
Post-demographic dividend,PST,"Population, total",SP.POP.TOTL,2019,1113410921
French Polynesia,PYF,"Population, total",SP.POP.TOTL,2019,299717
Qatar,QAT,"Population, total",SP.POP.TOTL,2019,2807235
Romania,ROU,"Population, total",SP.POP.TOTL,2019,19371648
Russian Federation,RUS,"Population, total",SP.POP.TOTL,2019,145453291
Rwanda,RWA,"Population, total",SP.POP.TOTL,2019,12835028
South Asia,SAS,"Population, total",SP.POP.TOTL,2019,1861598514
Saudi Arabia,SAU,"Population, total",SP.POP.TOTL,2019,35827362
Sudan,SDN,"Population, total",SP.POP.TOTL,2019,43232093
Senegal,SEN,"Population, total",SP.POP.TOTL,2019,16000781
Singapore,SGP,"Population, total",SP.POP.TOTL,2019,5703569
Solomon Islands,SLB,"Population, total",SP.POP.TOTL,2019,674993
Sierra Leone,SLE,"Population, total",SP.POP.TOTL,2019,8046828
El Salvador,SLV,"Population, total",SP.POP.TOTL,2019,6280217
San Marino,SMR,"Population, total",SP.POP.TOTL,2019,34178
Somalia,SOM,"Population, total",SP.POP.TOTL,2019,15981300
Serbia,SRB,"Population, total",SP.POP.TOTL,2019,6945235
Sub-Saharan Africa (excluding high income),SSA,"Population, total",SP.POP.TOTL,2019,1121451424
South Sudan,SSD,"Population, total",SP.POP.TOTL,2019,10447666
Sub-Saharan Africa,SSF,"Population, total",SP.POP.TOTL,2019,1121549049
Small states,SST,"Population, total",SP.POP.TOTL,2019,19377482
Sao Tome and Principe,STP,"Population, total",SP.POP.TOTL,2019,214599
Suriname,SUR,"Population, total",SP.POP.TOTL,2019,600301
Slovak Republic,SVK,"Population, total",SP.POP.TOTL,2019,5454147
Slovenia,SVN,"Population, total",SP.POP.TOTL,2019,2088385
Sweden,SWE,"Population, total",SP.POP.TOTL,2019,10278887
Eswatini,SWZ,"Population, total",SP.POP.TOTL,2019,1169613
Sint Maarten (Dutch part),SXM,"Population, total",SP.POP.TOTL,2019,39648
Seychelles,SYC,"Population, total",SP.POP.TOTL,2019,97625
Syrian Arab Republic,SYR,"Population, total",SP.POP.TOTL,2019,20098251
Turks and Caicos Islands,TCA,"Population, total",SP.POP.TOTL,2019,43080
Chad,TCD,"Population, total",SP.POP.TOTL,2019,16126866
East Asia & Pacific (IDA & IBRD countries),TEA,"Population, total",SP.POP.TOTL,2019,2080648616
Europe & Central Asia (IDA & IBRD countries),TEC,"Population, total",SP.POP.TOTL,2019,461027359
Togo,TGO,"Population, total",SP.POP.TOTL,2019,8243094
Thailand,THA,"Population, total",SP.POP.TOTL,2019,71307763
Tajikistan,TJK,"Population, total",SP.POP.TOTL,2019,9337003
Turkmenistan,TKM,"Population, total",SP.POP.TOTL,2019,6158420
Latin America & the Caribbean (IDA & IBRD countries),TLA,"Population, total",SP.POP.TOTL,2019,629795751
Timor-Leste,TLS,"Population, total",SP.POP.TOTL,2019,1280438
Middle East & North Africa (IDA & IBRD countries),TMN,"Population, total",SP.POP.TOTL,2019,400574097
Tonga,TON,"Population, total",SP.POP.TOTL,2019,104951
South Asia (IDA & IBRD),TSA,"Population, total",SP.POP.TOTL,2019,1861598514
Sub-Saharan Africa (IDA & IBRD countries),TSS,"Population, total",SP.POP.TOTL,2019,1121549049
Trinidad and Tobago,TTO,"Population, total",SP.POP.TOTL,2019,1519955
Tunisia,TUN,"Population, total",SP.POP.TOTL,2019,12049314
Turkiye,TUR,"Population, total",SP.POP.TOTL,2019,82579440
Tuvalu,TUV,"Population, total",SP.POP.TOTL,2019,10956
Tanzania,TZA,"Population, total",SP.POP.TOTL,2019,59872579
Uganda,UGA,"Population, total",SP.POP.TOTL,2019,42949080
Ukraine,UKR,"Population, total",SP.POP.TOTL,2019,44474512
Upper middle income,UMC,"Population, total",SP.POP.TOTL,2019,2772716573
Uruguay,URY,"Population, total",SP.POP.TOTL,2019,3428409
United States,USA,"Population, total",SP.POP.TOTL,2019,328329953
Uzbekistan,UZB,"Population, total",SP.POP.TOTL,2019,33580350
St. Vincent and the Grenadines,VCT,"Population, total",SP.POP.TOTL,2019,104924
"Venezuela, RB",VEN,"Population, total",SP.POP.TOTL,2019,28971683
British Virgin Islands,VGB,"Population, total",SP.POP.TOTL,2019,30610
Virgin Islands (U.S.),VIR,"Population, total",SP.POP.TOTL,2019,106669
Viet Nam,VNM,"Population, total",SP.POP.TOTL,2019,95776716
Vanuatu,VUT,"Population, total",SP.POP.TOTL,2019,304404
World,WLD,"Population, total",SP.POP.TOTL,2019,7742724795
Samoa,WSM,"Population, total",SP.POP.TOTL,2019,211905
Kosovo,XKX,"Population, total",SP.POP.TOTL,2019,1788878
"Yemen, Rep.",YEM,"Population, total",SP.POP.TOTL,2019,31546691
South Africa,ZAF,"Population, total",SP.POP.TOTL,2019,58087055
Zambia,ZMB,"Population, total",SP.POP.TOTL,2019,18380477
Zimbabwe,ZWE,"Population, total",SP.POP.TOTL,2019,15354608
